xid,date,title,desc,n,width,gender,image_path,image_alt
1,1909,Sibyl M. Rock,"At vero eos et accusamus et iusto odio dignissimos ducimus qui blanditiis praesentium voluptatum deleniti atque corrupti quos dolores et quas molestias excepturi sint occaecati cupiditate non provident, similique sunt in culpa qui officia deserunt mollitia animi, id est laborum et dolorum fuga.",918,9.18,f,https://images.unsplash.com/photo-1554188248-986adbb73be4?ixid=MXwxMjA3fDB8MHxwaG90by1wYWdlfHx8fGVufDB8fHw%3D&ixlib=rb-1.2.1&auto=format&fit=crop&w=1950&q=80,
2,1914,Margaret Malone Baskervill,Et harum quidem rerum facilis est et expedita distinctio. ,70,0.7,f,https://images.unsplash.com/photo-1612646444409-ded6a340899f?ixid=MXwxMjA3fDB8MHxwaG90by1wYWdlfHx8fGVufDB8fHw%3D&ixlib=rb-1.2.1&auto=format&fit=crop&w=1426&q=80,
3,1915,John W. Tukey,"At vero eos et accusamus et iusto odio dignissimos ducimus qui blanditiis praesentium voluptatum deleniti atque corrupti quos dolores et quas molestias excepturi sint occaecati cupiditate non provident, similique sunt in culpa qui officia deserunt mollitia animi, id est laborum et dolorum fuga.","64,200",642,m,https://images.unsplash.com/photo-1578301978018-3005759f48f7?ixid=MXwxMjA3fDB8MHxwaG90by1wYWdlfHx8fGVufDB8fHw%3D&ixlib=rb-1.2.1&auto=format&fit=crop&w=1328&q=80,
4,1919,Alice Mary Hilton,Temporibus autem quibusdam et aut officiis debitis aut rerum necessitatibus saepe eveniet ut et voluptates repudiandae sint et molestiae non recusandae. ,"4,780",47.8,f,https://images.unsplash.com/photo-1593163127678-9924b3d586a3?ixid=MXwxMjA3fDB8MHxwaG90by1wYWdlfHx8fGVufDB8fHw%3D&ixlib=rb-1.2.1&auto=format&fit=crop&w=1350&q=80,
5,1920,Anita K. Bahn,Et harum quidem rerum facilis est et expedita distinctio. ,"3,180",31.8,f,https://images.unsplash.com/photo-1554188248-986adbb73be4?ixid=MXwxMjA3fDB8MHxwaG90by1wYWdlfHx8fGVufDB8fHw%3D&ixlib=rb-1.2.1&auto=format&fit=crop&w=1950&q=80,
6,1926,Joan Rosenblatt,"Itaque earum rerum hic tenetur a sapiente delectus, ut aut reiciendis voluptatibus maiores alias consequatur aut perferendis doloribus asperiores repellat.","3,660",36.6,f,https://images.unsplash.com/photo-1612646444409-ded6a340899f?ixid=MXwxMjA3fDB8MHxwaG90by1wYWdlfHx8fGVufDB8fHw%3D&ixlib=rb-1.2.1&auto=format&fit=crop&w=1426&q=80,
7,1928,Peter Naur,"At vero eos et accusamus et iusto odio dignissimos ducimus qui blanditiis praesentium voluptatum deleniti atque corrupti quos dolores et quas molestias excepturi sint occaecati cupiditate non provident, similique sunt in culpa qui officia deserunt mollitia animi, id est laborum et dolorum fuga.","35,100",351,m,https://images.unsplash.com/photo-1578301978018-3005759f48f7?ixid=MXwxMjA3fDB8MHxwaG90by1wYWdlfHx8fGVufDB8fHw%3D&ixlib=rb-1.2.1&auto=format&fit=crop&w=1328&q=80,
8,1933,Corinne Jacker,Temporibus autem quibusdam et aut officiis debitis aut rerum necessitatibus saepe eveniet ut et voluptates repudiandae sint et molestiae non recusandae. ,"3,300",33,f,https://images.unsplash.com/photo-1593163127678-9924b3d586a3?ixid=MXwxMjA3fDB8MHxwaG90by1wYWdlfHx8fGVufDB8fHw%3D&ixlib=rb-1.2.1&auto=format&fit=crop&w=1350&q=80,
9,1949,C. F. Jeff Wu,"At vero eos et accusamus et iusto odio dignissimos ducimus qui blanditiis praesentium voluptatum deleniti atque corrupti quos dolores et quas molestias excepturi sint occaecati cupiditate non provident, similique sunt in culpa qui officia deserunt mollitia animi, id est laborum et dolorum fuga.","12,800",128,m,https://images.unsplash.com/photo-1554188248-986adbb73be4?ixid=MXwxMjA3fDB8MHxwaG90by1wYWdlfHx8fGVufDB8fHw%3D&ixlib=rb-1.2.1&auto=format&fit=crop&w=1950&q=80,
10,1958,Gregory Piatetsky-Shapiro,Et harum quidem rerum facilis est et expedita distinctio. ,"28,900",289,m,https://images.unsplash.com/photo-1593163127678-9924b3d586a3?ixid=MXwxMjA3fDB8MHxwaG90by1wYWdlfHx8fGVufDB8fHw%3D&ixlib=rb-1.2.1&auto=format&fit=crop&w=1350&q=80,
